{"David McEwen": 3.4599999999999995, "Mar\u00eda Rivera": 3.3200000000000003, "Manuel Cely": 3.5, "Juan Jos\u00e9 Acevedo": 3.0, "Daniela G\u00f3mez": 3.46, "Daniel Miranda": 1.9400000000000002, "Natalia P\u00e9rez": 2.12}